{
    "Round Totals": {
        "1": 37065.0,
        "2": 13312.0,
        "3": 6021.0,
        "4": 2271.0,
        "5": 1093.5,
        "6": 665.6,
        "7": 256.3
    },
    "Round Averages": {
        "1": 1158.28125,
        "2": 416.0,
        "3": 188.15625,
        "4": 70.96875,
        "5": 34.171875,
        "6": 20.8,
        "7": 8.009375
    },
    "Round Percentages": {
        "1": 61.07830018917547,
        "2": 21.936444951256007,
        "3": 9.921825048941738,
        "4": 3.7423126866212733,
        "5": 1.8019458048526473,
        "6": 1.0968222475628004,
        "7": 0.4223490715900627
    },
    "Round 1 Total": 37065.0,
    "Round 1 Value Percentages to Total Draft": [
        4.943609889856371,
        4.284461904542189,
        3.6253139192280055,
        2.966165933913823,
        2.801378937585277,
        2.6365919412567314,
        2.4718049449281856,
        2.30701794859964,
        2.224624450435367,
        2.1422309522710945,
        2.0598374541068214,
        1.9774439559425487,
        1.8950504577782759,
        1.8126569596140027,
        1.73026346144973,
        1.647869963285457,
        1.5654764651211843,
        1.4830829669569114,
        1.4418862178747751,
        1.4006894687926386,
        1.3182959706283657,
        1.2853385713626566,
        1.2523811720969475,
        1.2194237728312383,
        1.1864663735655292,
        1.15350897429982,
        1.120551575034111,
        1.0875941757684018,
        1.0546367765026927,
        1.0216793772369834,
        0.9887219779712744,
        0.9722432783384197
    ]
}