{
    "Overall Total Value": 1709655919,
    "Total Value by Round": {
        "1": 599188512,
        "2": 245404598,
        "3": 214385592,
        "4": 151209188,
        "5": 173892417,
        "6": 160432573,
        "7": 165143039
    },
    "Average Total Value by Round": {
        "1": 19328661.677419353,
        "2": 7668893.6875,
        "3": 5497066.461538462,
        "4": 4582096.606060606,
        "5": 4140295.6428571427,
        "6": 4010814.325,
        "7": 3931977.119047619
    },
    "Percentage Total Value by Round": {
        "1": 35.047315973992774,
        "2": 14.354034357014969,
        "3": 12.539692321563564,
        "4": 8.844422220843375,
        "5": 10.171193809670893,
        "6": 9.383910014702789,
        "7": 9.659431302211635
    }
}