{
    "Year": "2004",
    "Type": "Total AV and Games Played per Round with Percentages",
    "Round Data": {
        "1": {
            "total_av": 1561.0,
            "total_games": 3933.0,
            "av_percentage": 34.95297805642633,
            "games_percentage": 23.948121536869024
        },
        "2": {
            "total_av": 731.0,
            "total_games": 2621.0,
            "av_percentage": 16.368114643976714,
            "games_percentage": 15.959325336418436
        },
        "3": {
            "total_av": 656.0,
            "total_games": 2507.0,
            "av_percentage": 14.688759516345723,
            "games_percentage": 15.265176886074409
        },
        "4": {
            "total_av": 618.0,
            "total_games": 2532.0,
            "av_percentage": 13.837886251679354,
            "games_percentage": 15.417402423430554
        },
        "5": {
            "total_av": 372.0,
            "total_games": 1647.0,
            "av_percentage": 8.329601433049708,
            "games_percentage": 10.028618401022955
        },
        "6": {
            "total_av": 187.0,
            "total_games": 1303.0,
            "av_percentage": 4.1871921182266005,
            "games_percentage": 7.933995007002374
        },
        "7": {
            "total_av": 341.0,
            "total_games": 1880.0,
            "av_percentage": 7.635467980295567,
            "games_percentage": 11.447360409182245
        }
    },
    "Total Games Played for the Year": 16423.0,
    "Total AV for the Year": 4466.0
}