{
    "Year": "2005",
    "Type": "Total AV and Games Played per Round with Percentages",
    "Round Data": {
        "1": {
            "total_av": 1505.0,
            "total_games": 3651.0,
            "av_percentage": 32.91056199431445,
            "games_percentage": 23.358925143953936
        },
        "2": {
            "total_av": 828.0,
            "total_games": 2846.0,
            "av_percentage": 18.106275967636126,
            "games_percentage": 18.2085732565579
        },
        "3": {
            "total_av": 708.0,
            "total_games": 2722.0,
            "av_percentage": 15.48217800131205,
            "games_percentage": 17.41522712731926
        },
        "4": {
            "total_av": 631.0,
            "total_games": 2359.0,
            "av_percentage": 13.7983818062541,
            "games_percentage": 15.09277031349968
        },
        "5": {
            "total_av": 267.0,
            "total_games": 1237.0,
            "av_percentage": 5.838617975071069,
            "games_percentage": 7.914267434420985
        },
        "6": {
            "total_av": 350.0,
            "total_games": 1604.0,
            "av_percentage": 7.653619068445222,
            "games_percentage": 10.262316058861165
        },
        "7": {
            "total_av": 284.0,
            "total_games": 1211.0,
            "av_percentage": 6.21036518696698,
            "games_percentage": 7.747920665387076
        }
    },
    "Total Games Played for the Year": 15630.0,
    "Total AV for the Year": 4573.0
}