{
    "Year": "2017",
    "Type": "Total AV and Games Played per Round with Percentages",
    "Round Data": {
        "1": {
            "total_av": 1057.0,
            "total_games": 2460.0,
            "av_percentage": 29.046441330035723,
            "games_percentage": 18.965384318865162
        },
        "2": {
            "total_av": 670.0,
            "total_games": 2208.0,
            "av_percentage": 18.41165155262435,
            "games_percentage": 17.022588852054582
        },
        "3": {
            "total_av": 698.0,
            "total_games": 2497.0,
            "av_percentage": 19.18109370706238,
            "games_percentage": 19.250636034230205
        },
        "4": {
            "total_av": 433.0,
            "total_games": 1898.0,
            "av_percentage": 11.898873316845288,
            "games_percentage": 14.632642047644746
        },
        "5": {
            "total_av": 430.0,
            "total_games": 1820.0,
            "av_percentage": 11.81643308601264,
            "games_percentage": 14.031300593631949
        },
        "6": {
            "total_av": 208.0,
            "total_games": 1164.0,
            "av_percentage": 5.715856004396812,
            "games_percentage": 8.973864775267906
        },
        "7": {
            "total_av": 143.0,
            "total_games": 924.0,
            "av_percentage": 3.9296510030228085,
            "games_percentage": 7.123583378305451
        }
    },
    "Total Games Played for the Year": 12971.0,
    "Total AV for the Year": 3639.0
}