{
    "Year": "2018",
    "Type": "Total AV and Games Played per Round with Percentages",
    "Round Data": {
        "1": {
            "total_av": 1012.0,
            "total_games": 2290.0,
            "av_percentage": 29.57334891876096,
            "games_percentage": 17.240081306933675
        },
        "2": {
            "total_av": 638.0,
            "total_games": 2016.0,
            "av_percentage": 18.64406779661017,
            "games_percentage": 15.177294285929383
        },
        "3": {
            "total_av": 631.0,
            "total_games": 2408.0,
            "av_percentage": 18.439509059029806,
            "games_percentage": 18.128434841526765
        },
        "4": {
            "total_av": 369.0,
            "total_games": 1934.0,
            "av_percentage": 10.783167738164815,
            "games_percentage": 14.559963863585034
        },
        "5": {
            "total_av": 346.0,
            "total_games": 1946.0,
            "av_percentage": 10.11104617182934,
            "games_percentage": 14.65030490100128
        },
        "6": {
            "total_av": 251.0,
            "total_games": 1503.0,
            "av_percentage": 7.334891876095851,
            "games_percentage": 11.315214936384853
        },
        "7": {
            "total_av": 175.0,
            "total_games": 1186.0,
            "av_percentage": 5.113968439509059,
            "games_percentage": 8.928705864639012
        }
    },
    "Total Games Played for the Year": 13283.0,
    "Total AV for the Year": 3422.0
}