{
    "Year": "2002",
    "Type": "Total AV and Games Played per Round with Percentages",
    "Round Data": {
        "1": {
            "total_av": 1340.0,
            "total_games": 3705.0,
            "av_percentage": 24.990675121223425,
            "games_percentage": 16.765464500656137
        },
        "2": {
            "total_av": 938.0,
            "total_games": 3174.0,
            "av_percentage": 17.4934725848564,
            "games_percentage": 14.362640843477081
        },
        "3": {
            "total_av": 541.0,
            "total_games": 2188.0,
            "av_percentage": 10.08951883625513,
            "games_percentage": 9.900900493234987
        },
        "4": {
            "total_av": 466.0,
            "total_games": 2196.0,
            "av_percentage": 8.690787019768743,
            "games_percentage": 9.937101226299832
        },
        "5": {
            "total_av": 442.0,
            "total_games": 2171.0,
            "av_percentage": 8.2431928384931,
            "games_percentage": 9.823973935472194
        },
        "6": {
            "total_av": 216.0,
            "total_games": 1441.0,
            "av_percentage": 4.0283476314807904,
            "games_percentage": 6.5206570433051265
        },
        "7": {
            "total_av": 374.0,
            "total_games": 1676.0,
            "av_percentage": 6.975009324878776,
            "games_percentage": 7.584053577084935
        },
        "Undrafted Percentages": {
            "games_percentage": 25.10520838046971,
            "av_percentage": 19.48899664304364
        }
    },
    "Total Games Played for the Year": 22099.0,
    "Total AV for the Year": 5362.0,
    "Total Games Played by Drafted Players": 16551.0,
    "Total AV for Drafted Players": 4317.0,
    "Total Games Played by Undrafted Players": 5548,
    "Total AV for Undrafted Players": 1045
}