{
    "Year": "2012",
    "Type": "Total AV and Games Played per Round with Percentages",
    "Round Data": {
        "1": {
            "total_av": 1446.0,
            "total_games": 3389.0,
            "av_percentage": 25.11724856696196,
            "games_percentage": 15.612475238402359
        },
        "2": {
            "total_av": 921.0,
            "total_games": 2656.0,
            "av_percentage": 15.997915581031789,
            "games_percentage": 12.235684341456674
        },
        "3": {
            "total_av": 764.0,
            "total_games": 2446.0,
            "av_percentage": 13.270800764286955,
            "games_percentage": 11.26825448012162
        },
        "4": {
            "total_av": 614.0,
            "total_games": 2471.0,
            "av_percentage": 10.66527705402119,
            "games_percentage": 11.383424701709126
        },
        "5": {
            "total_av": 422.0,
            "total_games": 1872.0,
            "av_percentage": 7.3302067048810144,
            "games_percentage": 8.623946192472474
        },
        "6": {
            "total_av": 267.0,
            "total_games": 1787.0,
            "av_percentage": 4.637832204273059,
            "games_percentage": 8.232367439074952
        },
        "7": {
            "total_av": 217.0,
            "total_games": 1071.0,
            "av_percentage": 3.769324300851138,
            "games_percentage": 4.933892292808771
        },
        "Undrafted Percentages": {
            "games_percentage": 27.709955313954026,
            "av_percentage": 19.211394823692896
        }
    },
    "Total Games Played for the Year": 21707.0,
    "Total AV for the Year": 5757.0,
    "Total Games Played by Drafted Players": 15692.0,
    "Total AV for Drafted Players": 4651.0,
    "Total Games Played by Undrafted Players": 6015,
    "Total AV for Undrafted Players": 1106
}