{
    "1": {
        "total_games": 69498.0,
        "percentage_of_total": 21.33365257991141
    },
    "2": {
        "total_games": 56696.0,
        "percentage_of_total": 17.403849990944448
    },
    "3": {
        "total_games": 51306.0,
        "percentage_of_total": 15.749293206494212
    },
    "4": {
        "total_games": 46775.0,
        "percentage_of_total": 14.358421816819996
    },
    "5": {
        "total_games": 38273.0,
        "percentage_of_total": 11.748581041050812
    },
    "6": {
        "total_games": 33315.0,
        "percentage_of_total": 10.226634373647423
    },
    "7": {
        "total_games": 29904.0,
        "percentage_of_total": 9.179566991131699
    },
    "total_games_played": 325767.0
}