{
    "Year": "2010",
    "Type": "Total AV and Games Played per Round with Percentages",
    "Round Data": {
        "1": {
            "total_av": 1596.0,
            "total_games": 4034.0,
            "av_percentage": 34.24892703862661,
            "games_percentage": 23.390931230430244
        },
        "2": {
            "total_av": 856.0,
            "total_games": 2653.0,
            "av_percentage": 18.369098712446352,
            "games_percentage": 15.383277281688507
        },
        "3": {
            "total_av": 734.0,
            "total_games": 2578.0,
            "av_percentage": 15.751072961373392,
            "games_percentage": 14.948393830453439
        },
        "4": {
            "total_av": 456.0,
            "total_games": 1819.0,
            "av_percentage": 9.785407725321889,
            "games_percentage": 10.54737330395454
        },
        "5": {
            "total_av": 334.0,
            "total_games": 1833.0,
            "av_percentage": 7.167381974248927,
            "games_percentage": 10.628551548185087
        },
        "6": {
            "total_av": 313.0,
            "total_games": 1481.0,
            "av_percentage": 6.716738197424893,
            "games_percentage": 8.587498550388496
        },
        "7": {
            "total_av": 264.0,
            "total_games": 1764.0,
            "av_percentage": 5.665236051502146,
            "games_percentage": 10.228458773048823
        },
        "Undrafted Percentages": {
            "games_percentage": 6.285515481850864,
            "av_percentage": 2.296137339055794
        }
    },
    "Total Games Played for the Year": 17246.0,
    "Total AV for the Year": 4660.0,
    "Total Games Played by Drafted Players": 16162.0,
    "Total AV for Drafted Players": 4553.0,
    "Total Games Played by Undrafted Players": 1084,
    "Total AV for Undrafted Players": 107
}